object_id,x_coord,y_coord
1,104.9252279,11.5516131
2,104.9252589,11.5589784
3,104.9254604,11.5582742
4,104.9246712,11.5553148
5,104.9247653,11.5546877
